{"stats":{"minecraft:dropped":{"minecraft:golden_carrot":3,"minecraft:cobblestone":4,"minecraft:coal":1},"minecraft:custom":{"minecraft:time_since_rest":187827,"minecraft:damage_taken":20,"minecraft:sprint_one_cm":113511,"minecraft:walk_one_cm":166474,"minecraft:mob_kills":3,"minecraft:drop":8,"minecraft:damage_dealt":610,"minecraft:interact_with_crafting_table":1,"minecraft:fly_one_cm":3779067,"minecraft:crouch_one_cm":7554,"minecraft:play_time":187827,"minecraft:sneak_time":11090,"minecraft:jump":936,"minecraft:leave_game":11,"minecraft:walk_on_water_one_cm":144,"minecraft:time_since_death":187827,"minecraft:total_world_time":187827,"minecraft:fall_one_cm":2626},"minecraft:crafted":{"minecraft:wooden_sword":1,"minecraft:crafting_table":1,"minecraft:spruce_planks":8,"minecraft:stick":4},"minecraft:mined":{"minecraft:spruce_log":3,"minecraft:crafting_table":1,"minecraft:dark_oak_wood":1,"minecraft:fern":1},"minecraft:used":{"minecraft:calcite":20,"minecraft:light_blue_carpet":21,"minecraft:water_bucket":2,"minecraft:netherite_sword":7,"minecraft:lava_bucket":2,"minecraft:black_concrete":1,"minecraft:daylight_detector":7,"minecraft:quartz_pillar":1,"minecraft:flint_and_steel":66,"minecraft:warped_hyphae":6,"minecraft:smooth_quartz_slab":30,"minecraft:polished_blackstone":7,"minecraft:blackstone":31,"minecraft:dark_oak_wood":1,"minecraft:stone":16,"minecraft:smooth_quartz":15,"minecraft:gravel":5,"minecraft:player_head":9,"minecraft:smooth_basalt":86,"minecraft:smooth_quartz_stairs":11,"minecraft:spruce_leaves":18,"minecraft:golden_carrot":1,"minecraft:cobblestone":37,"minecraft:yellow_terracotta":14,"minecraft:vine":22,"minecraft:hopper":2,"minecraft:crafting_table":1,"minecraft:tnt":18,"minecraft:gray_concrete":5,"minecraft:coarse_dirt":104,"minecraft:spruce_log":6,"minecraft:polished_blackstone_stairs":9},"minecraft:killed":{"minecraft:trader_llama":2,"minecraft:wandering_trader":1},"minecraft:picked_up":{"minecraft:crafting_table":1,"minecraft:stick":3,"minecraft:polished_blackstone_stairs":3,"minecraft:redstone_block":1,"minecraft:daylight_detector":15,"minecraft:sweet_berries":6,"minecraft:copper_ingot":64,"minecraft:leather":2,"minecraft:lead":2,"minecraft:polished_blackstone_slab":2,"minecraft:spruce_sapling":2,"minecraft:spruce_log":2,"minecraft:diamond":2,"minecraft:warped_hyphae":6,"minecraft:lever":1,"minecraft:player_head":13,"minecraft:coal":60,"minecraft:polished_blackstone":1,"minecraft:smooth_quartz":15,"minecraft:dark_oak_wood":1,"minecraft:iron_bars":2,"minecraft:smooth_quartz_stairs":10,"minecraft:smooth_quartz_slab":10,"minecraft:hopper":1,"minecraft:cobblestone":2,"minecraft:furnace":4}},"DataVersion":2865}