{"stats":{"minecraft:dropped":{"minecraft:nether_bricks":10},"minecraft:custom":{"minecraft:time_since_rest":160849,"minecraft:sprint_one_cm":66595,"minecraft:damage_taken":93,"minecraft:walk_one_cm":112989,"minecraft:drop":10,"minecraft:interact_with_crafting_table":1,"minecraft:fly_one_cm":889882,"minecraft:crouch_one_cm":2528,"minecraft:play_time":160849,"minecraft:sneak_time":3948,"minecraft:jump":869,"minecraft:leave_game":11,"minecraft:time_since_death":160849,"minecraft:walk_on_water_one_cm":92,"minecraft:total_world_time":160849,"minecraft:climb_one_cm":115,"minecraft:damage_resisted":4,"minecraft:inspect_dispenser":5,"minecraft:fall_one_cm":4253},"minecraft:crafted":{"minecraft:crafting_table":1,"minecraft:spruce_planks":12,"minecraft:stick":4,"minecraft:wooden_pickaxe":1},"minecraft:mined":{"minecraft:diamond_ore":4,"minecraft:redstone_ore":2,"minecraft:iron_ore":11,"minecraft:fire":5,"minecraft:spruce_log":3,"minecraft:nether_bricks":4,"minecraft:nether_brick_fence":1,"minecraft:grass":2,"minecraft:emerald_ore":3,"minecraft:coal_ore":15,"minecraft:copper_ore":11,"minecraft:cobblestone":4,"minecraft:dispenser":1,"minecraft:lapis_ore":5,"minecraft:gold_ore":6,"minecraft:fern":2},"minecraft:used":{"minecraft:nether_brick_fence":2,"minecraft:diamond_pickaxe":6,"minecraft:daylight_detector":12,"minecraft:acacia_sign":1,"minecraft:flint_and_steel":1,"minecraft:dispenser":4,"minecraft:iron_pickaxe":53,"minecraft:wooden_pickaxe":8,"minecraft:player_head":6,"minecraft:diamond_block":49,"minecraft:golden_carrot":1,"minecraft:cobblestone":4,"minecraft:crafting_table":2,"minecraft:furnace":4,"minecraft:nether_bricks":6,"minecraft:oak_wood":4},"minecraft:picked_up":{"minecraft:nether_brick_fence":1,"minecraft:raw_iron":9,"minecraft:golden_carrot":3,"minecraft:daylight_detector":4,"minecraft:spruce_log":3,"minecraft:lapis_lazuli":25,"minecraft:raw_copper":23,"minecraft:oak_wood":4,"minecraft:dispenser":1,"minecraft:diamond":3,"minecraft:nether_bricks":14,"minecraft:raw_gold":3,"minecraft:player_head":2,"minecraft:emerald":3,"minecraft:coal":13,"minecraft:hopper":1,"minecraft:cobblestone":5}},"DataVersion":2865}