{"stats":{"minecraft:custom":{"minecraft:time_since_rest":139611,"minecraft:sprint_one_cm":37458,"minecraft:walk_one_cm":100859,"minecraft:damage_dealt":20,"minecraft:fly_one_cm":1142120,"minecraft:crouch_one_cm":11678,"minecraft:play_time":139611,"minecraft:sneak_time":10296,"minecraft:walk_under_water_one_cm":836,"minecraft:aviate_one_cm":706574,"minecraft:jump":253,"minecraft:leave_game":3,"minecraft:time_since_death":139611,"minecraft:walk_on_water_one_cm":303,"minecraft:climb_one_cm":12,"minecraft:total_world_time":139611},"minecraft:used":{"minecraft:calcite":25,"minecraft:polished_blackstone_slab":146,"minecraft:glass":27,"minecraft:lever":2,"minecraft:light_blue_stained_glass_pane":13,"minecraft:sea_lantern":14,"minecraft:iron_bars":39,"minecraft:firework_rocket":37,"minecraft:flint_and_steel":64,"minecraft:command_block":17,"minecraft:smooth_quartz_slab":533,"minecraft:polished_blackstone":81,"minecraft:stone_button":8,"minecraft:oak_planks":171,"minecraft:blackstone":114,"minecraft:stone":9,"minecraft:redstone_block":6,"minecraft:smooth_quartz":449,"minecraft:gravel":3,"minecraft:smooth_basalt":14,"minecraft:netherrack":48,"minecraft:blackstone_slab":57,"minecraft:smooth_quartz_stairs":322,"minecraft:spruce_leaves":146,"minecraft:cobblestone":27,"minecraft:magma_block":36,"minecraft:iron_trapdoor":4,"minecraft:tnt":6,"minecraft:dark_oak_fence":25,"minecraft:campfire":24,"minecraft:blackstone_wall":65,"minecraft:coarse_dirt":651,"minecraft:spruce_log":95,"minecraft:light_blue_stained_glass":69,"minecraft:polished_blackstone_stairs":123},"minecraft:picked_up":{"minecraft:stick":40,"minecraft:redstone_block":1,"minecraft:leather":1,"minecraft:stone_button":2,"minecraft:spruce_sapling":56,"minecraft:beef":1,"minecraft:smooth_quartz":15,"minecraft:smooth_quartz_stairs":7,"minecraft:smooth_quartz_slab":14}},"DataVersion":2865}